training_step,episode_reward,average_reward,episode_length,completed_episodes,touches,policy_loss,value_loss,entropy,approx_kl,checkpoint_number,steps_per_second,gpu_peak_mib
66560,0.05810686910253176,-0.14048714386474068,150.0,4,0,-0.012039143010042608,0.029312570579349995,4.065853029489517,0.002890723990276456,1,688.2339748532544,20.03076171875
67584,-0.18697564193911165,0.0323025164721637,150.0,8,1,-0.010606508585624397,0.014388734998647124,4.081817984580994,0.002409134220215492,1,994.3079752754645,20.03076171875
68608,-0.6547483912200383,-0.1227575502239477,150.0,8,0,-0.01202492043375969,0.013476651452947408,4.142054229974747,0.0023305875511141494,1,1126.5410729778573,20.03076171875
69632,1.5276559776690866,0.060611534484564314,147.04,5,3,-0.01138963020639494,0.0620047131087631,4.242172688245773,0.0014659199077868834,1,1209.5963515518663,20.03076171875
70656,1.6158242270272296,0.11515080976582939,147.75757575757575,8,3,-0.010073244862724096,0.03259481012355536,4.240569919347763,0.0026613510854076594,1,1137.627459272683,20.03076171875
71680,-0.22444130232757473,0.054806006511335804,148.15,7,0,-0.0159109050873667,0.008004127157619223,4.287538081407547,0.005085340861114673,1,1136.184069225224,20.03076171875
72704,-0.04461219083006268,0.02255456630474778,148.35555555555555,5,0,-0.011085652862675488,0.005361090443329886,4.3372344970703125,0.003952650833525695,1,992.4131207623487,20.03076171875
73728,0.0547915575065365,0.010826231466958502,148.60377358490567,8,0,-0.012783474172465503,0.01394175153109245,4.323756814002991,0.002166701713576913,1,841.002053128068,20.03076171875
74752,-0.41282233750098657,-0.002562170349599126,148.76666666666668,7,1,-0.0163219008827582,0.004869910670095123,4.325694024562836,0.005140196852153167,1,737.245827182123,20.03076171875
75776,0.13292804836526387,-0.02311040396055458,148.91176470588235,8,0,-0.01479167037177831,0.004389003355754539,4.352166056632996,0.0021018388360971585,1,680.5331136916451,20.03076171875
76800,0.2832816245151202,-0.02344472100225985,148.986301369863,5,0,-0.012713199015706778,0.0060861809470225126,4.342240273952484,0.002262256050016731,1,628.9534230138509,20.03076171875
77824,-0.34330235127555137,-0.04607806412090694,149.075,7,0,-0.010241217794828117,0.015045432490296662,4.364276260137558,0.0024482759181410074,1,584.8998758095137,20.03076171875
78848,-0.6067218372246902,-0.03189473788877501,149.1590909090909,8,2,-0.01000540325185284,0.014761119877221063,4.358337491750717,0.0015178898756857961,1,558.1952607956775,20.03076171875
79872,-0.24527312563427683,-0.038458596599043916,149.20430107526883,5,0,-0.01465915865264833,0.0057431154709775,4.36233776807785,0.0027819747774628922,1,522.5271282462102,20.03076171875
80896,-0.06639307754687544,-0.02866831988716087,149.26,8,1,-0.013311707531102002,0.016334882704541087,4.341644644737244,0.0020263251499272883,1,509.18077298888943,20.03076171875
81920,-0.06738415151705698,-0.050162620748285515,149.26,7,0,-0.013234314217697829,0.003724441980011761,4.336572080850601,0.0029723248590016738,1,493.1371332589967,20.03076171875
82944,-0.10636728594766248,-0.030260933752123523,149.26,8,1,-0.009957969654351473,0.014164680658723228,4.330104827880859,0.0031961891072569415,1,479.1713110938367,20.03076171875
83968,-0.1727651556708081,-0.032541553287658405,149.24,6,1,-0.00928275880869478,0.019981722376542166,4.340462476015091,0.002852467165212147,1,469.2168661039053,20.03076171875
84992,0.09067331942345888,-0.05663440346555397,149.24,6,0,-0.010509160347282887,0.0034723918506642804,4.306540995836258,0.0012843072618125007,1,463.2041776634194,20.03076171875
86016,-0.446834651087914,-0.07433243784521641,149.24,8,0,-0.011001002800185233,0.00310583999089431,4.321745961904526,0.0018343759002164006,1,458.3796083000512,20.03076171875
87040,2.1358686030804197,-0.04584074803127376,149.24,6,3,-0.012563760566990823,0.04666261048987508,4.310642063617706,0.0022104245144873857,1,453.19294344377744,20.03076171875
88064,-0.4541468832965649,-0.03484561846324266,149.24,8,1,-0.011910881148651242,0.00739260608679615,4.350169807672501,0.0018498196150176227,1,448.0421242334268,20.03076171875
89088,-0.2625706978962725,-0.01284211740094704,149.24,6,1,-0.01111490826588124,0.011410547595005482,4.332549303770065,0.002033594995737076,1,443.5950342883503,20.03076171875
90112,-0.014103913905281793,-0.026031249612449937,149.24,6,0,-0.01404142816318199,0.004174384055659175,4.311934024095535,0.0021091436210554093,1,442.43483447168865,20.03076171875
91136,-0.3400484307399602,-0.030963120607478235,149.24,8,0,-0.01396940101403743,0.0045116191322449595,4.293805629014969,0.0022749663185095415,1,439.8093222495644,20.03076171875
92160,1.252450734304292,-0.021216824094045794,149.24,6,1,-0.013056962576229125,0.021775019937194884,4.246397405862808,0.002645125307026319,1,439.025781343688,20.03076171875
93184,-0.5419035491114327,-0.0010771385523458982,149.24,8,2,-0.011909334920346737,0.012423228326952085,4.251334130764008,0.0023251874517882243,1,437.48471372820995,20.03076171875
94208,0.10294554724435528,0.003247501386626074,149.24,6,0,-0.012988345930352807,0.0026090750034200028,4.222544580698013,0.002464663004502654,1,433.83725470277227,20.03076171875
95232,-0.004003047860103754,0.02118683544264458,149.24,7,1,-0.011465951334685087,0.004254151426721364,4.2277867794036865,0.0023176662070909515,1,427.15101664142605,20.03076171875
96256,-0.36912011185105637,0.02816415638705675,149.24,7,1,-0.009774215635843575,0.012051488156430423,4.221478909254074,0.001994973761611618,1,426.1238145193016,20.03076171875
97280,-0.006641535009633747,0.032791127232468416,149.24,6,0,-0.010181820834986866,0.014354721584822983,4.244550168514252,0.0019503714429447427,1,424.2916286927622,20.03076171875
98304,0.08783207232811399,0.04320428252302383,149.24,8,1,-0.013572657015174627,0.0032031801529228687,4.258977979421616,0.0020928379672113806,2,422.9675303312305,20.03076171875
99328,0.11909562766876268,0.05030952689429833,150.0,6,1,-0.010083721077535301,0.01308113825507462,4.232203513383865,0.0025964316446334124,2,419.93166163950895,20.03076171875
100352,-0.2543722489694239,0.04629175459820137,150.0,8,0,-0.011494640028104186,0.004348204398411326,4.27106586098671,0.0015235969767672941,2,413.64538274051137,20.03076171875
101376,-0.042014145767129585,0.05745983670265495,150.0,6,0,-0.01318635861389339,0.002717547831707634,4.26450315117836,0.0024984353949548677,2,415.32126929963243,20.03076171875
102400,0.14763071134679584,0.009722488982792564,150.0,6,0,-0.01177714898949489,0.002572566329035908,4.267293959856033,0.001604200224392116,2,417.11615881195553,20.03076171875
103424,-0.2230436394019433,-0.0031130111944827677,150.0,8,0,-0.011011302238330245,0.012714720767689869,4.248581200838089,0.0015176670858636498,2,416.6272729316666,20.03076171875
104448,-0.28199065899657594,-0.0035483604756361363,150.0,6,1,-0.013231850578449667,0.00433144775161054,4.248919069766998,0.0027173558773938566,2,414.9256333989466,20.03076171875
105472,-0.19306362765977877,0.01609371401152706,150.0,8,0,-0.015380466065835208,0.004860546498093754,4.253444880247116,0.0038854128652019426,2,412.99540551000274,20.03076171875
106496,-0.09778708808546677,0.03844743193787158,150.0,6,1,-0.009860874793957919,0.03698365134187043,4.241856902837753,0.0019620397652033716,2,412.5600278490786,20.03076171875
107520,-0.03222141088052851,0.039039340346262975,150.0,6,2,-0.012456526281312108,0.004400143370730802,4.226218998432159,0.0016667405725456774,2,413.27722909897835,20.03076171875
108544,0.028526570668404406,0.022217860631650595,150.0,8,0,-0.014712453819811344,0.003967275682953186,4.235928654670715,0.002333015319891274,2,415.01409082739633,20.03076171875
109568,0.04448382302021587,0.009694886143121043,150.0,6,0,-0.009849792695604265,0.009764068410731852,4.237611085176468,0.0012841291318181902,2,416.4770511562841,20.03076171875
110592,0.2713300829868617,0.01857696192044546,150.0,8,1,-0.014873094973154366,0.003111387908575125,4.24411141872406,0.002219591857283376,2,416.4697041159154,20.03076171875
111616,-0.024125727338198344,-0.004103621322675136,150.0,6,0,-0.011790936114266515,0.002361803730309475,4.28189218044281,0.0013064934755675495,2,417.4959040892814,20.03076171875
112640,-0.11841168491799466,-0.017408991342061537,150.0,8,0,-0.008355572121217847,0.03747965570073575,4.256115794181824,0.0010539686190895736,2,420.4662102809662,20.03076171875
113664,-0.142946430643179,0.008604819291189983,150.0,6,2,-0.012216912815347314,0.011274607270024717,4.261456787586212,0.0015811748744454235,2,421.90703651389816,20.03076171875
114688,0.18566850425599418,0.018343308574930807,150.0,6,2,-0.00962490460369736,0.04194446455221623,4.264597326517105,0.0011041003017453477,2,422.25474928161486,20.03076171875
115712,-0.12864456805535138,0.06469857578547236,150.0,8,3,-0.010335738479625434,0.013567928574047983,4.269316792488098,0.0024626396625535563,2,421.3743725949819,20.03076171875
116736,0.19188905690219832,0.07748558435750244,150.0,6,0,-0.010995767603162676,0.01120381077635102,4.263279974460602,0.0012325120478635654,2,420.9279991600732,20.03076171875
117760,-0.12909881646519414,0.14067317834110116,150.0,8,4,-0.011125774180982262,0.0527761293342337,4.263674706220627,0.0009604425722500309,2,420.6579232493769,20.03076171875
118784,-0.16591820500666501,0.15497495972271202,150.0,6,1,-0.01010988638154231,0.006732678943080828,4.275148391723633,0.0013686484599020332,2,419.42676516765397,20.03076171875
119808,-0.06863917439530962,0.15131433223094506,150.0,6,0,-0.00984649418387562,0.010842108284123242,4.25541165471077,0.0007893981382949278,2,418.5944866375039,20.03076171875
120832,-0.04858923244334717,0.16763713700357813,150.0,8,1,-0.011127699282951653,0.002733211498707533,4.229622572660446,0.001466577872633934,2,417.9553336192701,20.03076171875
121856,-0.5877042851573371,0.11710503703202832,150.0,6,0,-0.014101223467150703,0.004562955029541627,4.259229391813278,0.0024019056145334616,2,418.22063286660847,20.03076171875
122880,-0.031601291457752465,0.11996373585791135,150.0,8,0,-0.012437985395081341,0.00250555820093723,4.263778328895569,0.00166392519895453,2,418.8682615212323,20.03076171875
123904,-0.5163908857084061,0.14220631413936505,150.0,6,2,-0.01169724715873599,0.021112193819135427,4.202674448490143,0.0019648604647954926,2,419.59976014503076,20.03076171875
124928,1.9221481420754027,0.16281604801322924,150.0,6,1,-0.013470331206917763,0.05384685704484582,4.181463807821274,0.0023503367556259036,2,418.5525008419355,20.03076171875
125952,1.0874177904730338,0.2049170534939033,150.0,8,4,-0.014743775129318237,0.01568203087663278,4.213244318962097,0.002947320172097534,2,415.97629274449594,20.03076171875
126976,0.3615819442089397,0.21547560859736098,150.0,6,0,-0.013115001260302961,0.013601863000076264,4.182475924491882,0.0018572670815046877,2,410.9715009425023,20.03076171875
128000,-0.45108214762319426,0.1989328747929861,150.0,8,1,-0.013540313579142094,0.003475015633739531,4.188724488019943,0.002277670384501107,2,407.86159306172254,20.03076171875
129024,-0.2945299775168592,0.23220863263731142,150.0,6,3,-0.010822411626577377,0.05843834858387709,4.204650014638901,0.0019575666083255783,2,404.3122090345164,20.03076171875
130048,-0.3273136811462222,0.19352005675753625,150.0,8,1,-0.011771286488510668,0.015139560913667083,4.228548556566238,0.0012835957604693249,2,401.3331249733392,20.03076171875
131072,0.3480417544930686,0.18197763051048446,150.0,6,0,-0.012967188493348658,0.004198496841127053,4.212893068790436,0.0020940348622389138,3,400.0576362333854,20.03076171875
132096,-0.011625498333531575,0.16186154030321753,150.0,6,0,-0.010425943997688591,0.0031760969723109156,4.185959815979004,0.0016227010637521744,3,395.8613219782954,20.03076171875
133120,-0.2298316901842322,0.1298684942971124,150.0,8,2,-0.012193510367069393,0.03128992335405201,4.164141267538071,0.0017571443022461608,3,393.23553033584454,20.03076171875
134144,-0.21679094207182165,0.14880579551856704,150.0,6,1,-0.013778498629108071,0.005415810999693349,4.1373708844184875,0.0022236241202335805,3,391.21589351169996,20.03076171875
135168,-0.007945008873385092,0.14378233174963745,150.0,8,0,-0.011432737810537219,0.002747862585238181,4.17146036028862,0.001432703182217665,3,388.0357696602218,20.03076171875
136192,-0.16990371272430171,0.13453390396408088,150.0,6,0,-0.014045165968127549,0.0036491754435701296,4.1337611079216,0.0036249641270842403,3,388.37655140232647,20.03076171875
137216,-0.018483982271355243,0.1488830145482904,150.0,6,0,-0.01238564494997263,0.0020953153289156035,4.061403065919876,0.004228990699630231,3,387.7116679953335,20.03076171875
138240,0.22900016268108608,0.13956288865137478,150.0,8,0,-0.013555515673942864,0.0012851824212702923,4.041307091712952,0.0024783384142210707,3,386.58844108974466,20.03076171875
139264,0.27378315041099954,0.15303787080492612,150.0,6,1,-0.007916158996522427,0.03817662294022739,3.9575821608304977,0.0014590711798518896,3,386.06090895028797,20.03076171875
140288,2.348338491191627,0.1643119298556716,150.0,8,5,-0.008718781638890505,0.05204546498134732,3.911899372935295,0.001540435361675918,3,383.076834092027,20.03076171875
141312,-0.39484803151366216,0.16990666124971424,150.0,6,2,-0.01114106341265142,0.011670037463773042,3.9257985204458237,0.0020015615737065673,3,379.97673235238665,20.03076171875
142336,-0.09794889800759322,0.16445331562410775,150.0,8,1,-0.011784628732129931,0.022966231685131788,3.7830992937088013,0.0037668573786504567,3,379.55318393285575,20.03076171875
143360,-0.029299538217788867,0.17043553835145706,150.0,6,1,-0.00986360083334148,0.0030808081064606085,3.81593756377697,0.002094844661769457,3,376.84978804797663,20.03076171875
144384,-0.07836515730655635,0.14722896210781208,150.0,6,0,-0.009806861693505198,0.002979766737553291,3.921037659049034,0.002120087534422055,3,374.89337044152563,20.03076171875
145408,-0.37212178107405436,0.13045966486987237,150.0,8,0,-0.011171579477377236,0.004006260147434659,3.900264486670494,0.0021151014225324616,3,373.85988689970634,20.03076171875
146432,-0.2883655512520521,0.14799382500829877,150.0,6,2,-0.00948127725860104,0.04554493667092174,3.8849931806325912,0.0021235588646959513,3,374.252803186658,20.03076171875
147456,1.710069699120665,0.18761601109443418,150.0,8,3,-0.010691757255699486,0.021494917222298682,3.82696969807148,0.0026083980046678334,3,374.1142270255191,20.03076171875
148480,0.08952441619024804,0.16777729504139738,150.0,6,0,-0.010160291916690767,0.005822600418468937,3.8365431874990463,0.002152150118490681,3,371.868165897295,20.03076171875
149504,-0.04347253225824815,0.16895741467161787,150.0,6,0,-0.01140642969403416,0.0035303871263749897,3.8121102303266525,0.0033237225434277207,3,372.201508192665,20.03076171875
150528,0.10478902047060522,0.17424295950292967,150.0,8,1,-0.012699600833002478,0.012443595798686147,3.9468661546707153,0.004082696788827889,3,371.9039205913144,20.03076171875
151552,0.2935462545146584,0.17959109651141236,150.0,6,0,-0.010771251807454973,0.015557414793875068,3.9544302225112915,0.002061405233689584,3,371.04950302835,20.03076171875
152576,-0.1296223928261327,0.2314336517444568,150.0,8,4,-0.010248052480164915,0.07492714514955878,3.9745683670043945,0.0013648985623149201,3,371.01185312922905,20.03076171875
153600,-0.21996395173232988,0.25183393220323375,150.0,6,2,-0.011846513429190964,0.024702333146706223,3.983025848865509,0.002114539500325918,3,371.47218636380904,20.03076171875
154624,-0.02758086894104007,0.23296058894560762,150.0,6,1,-0.014425390865653753,0.003359490045113489,3.9672995507717133,0.0034451066167093813,3,371.8906603038333,20.03076171875
155648,0.11821506105246413,0.21473176580372366,150.0,8,1,-0.011085821723099798,0.017625986714847386,3.918219104409218,0.0022426645300583914,3,371.77116631704325,20.03076171875
156672,0.12639154768747904,0.22782806378217493,150.0,6,1,-0.01179919671267271,0.002668605069629848,3.948836550116539,0.0030429660400841385,3,370.85302116819037,20.03076171875
157696,0.11141008957189925,0.2123641620023925,150.0,8,0,-0.011791030294261873,0.0028302289138082415,3.9526269286870956,0.0017440089141018689,3,368.8291225914051,20.03076171875
158720,-0.11818721128661873,0.20950461001397724,150.0,6,0,-0.00957852159626782,0.002760249888524413,3.8952090740203857,0.0012875405518570915,3,368.7877713958094,20.03076171875
159744,-0.32893581742593253,0.21149162993094975,150.0,8,0,-0.011642146739177406,0.0025720193661982194,3.8941793888807297,0.0021868491458008066,3,366.8046375606715,20.03076171875
160768,0.011049191594073738,0.2371217691432835,150.0,6,2,-0.009001123951748013,0.03648836474167183,3.863132730126381,0.0014946918818168342,3,366.5269454856573,20.03076171875
161792,0.23484136646696008,0.22106395556679137,150.0,6,1,-0.014362618792802095,0.004676589072914794,3.9073548018932343,0.002758163580438122,3,364.79354030446103,20.03076171875
162816,-0.3163110357204263,0.22438876073697084,150.0,8,3,-0.008039136359002441,0.03801787248812616,3.943600758910179,0.0020752026612171903,3,364.5291746445305,20.03076171875
163840,-0.40700717217425303,0.2184079930482674,150.0,6,0,-0.012815695896279067,0.004350410934421234,3.929774194955826,0.002196947141783312,4,364.31398581729536,20.03076171875
164864,0.2682617362957321,0.24428547475220022,150.0,8,1,-0.008146976353600621,0.009756665444001555,3.881140321493149,0.001293982844799757,4,362.6128619116447,20.03076171875
165888,1.1166907476182586,0.24864328210055875,150.0,6,1,-0.012322824535658583,0.008620983338914812,3.7746588736772537,0.002381680184043944,4,361.2090439135191,20.03076171875
166912,0.21190419038026362,0.25301167928464025,150.0,6,0,-0.013167787110432982,0.0019908507238142192,3.7713958472013474,0.002260154637042433,4,359.6566151646661,20.03076171875
167936,0.3276557442419411,0.19982168922532023,150.0,8,0,-0.010089044866617769,0.0018704520480241627,3.7654420137405396,0.0023054282792145386,4,358.18688559071416,20.03076171875
168960,0.05817702914374916,0.1828220105689477,150.0,6,2,-0.009592815535143018,0.02260835299966857,3.7882098853588104,0.001524528517620638,4,356.40597024417514,20.03076171875
169984,0.04267232091648029,0.18231156411470428,150.0,8,0,-0.01407544914400205,0.005170762829948217,3.791659355163574,0.0018515448464313522,4,354.9017352484303,20.03076171875
171008,-0.6770100876047598,0.13323936488919816,150.0,6,0,-0.011914386268472299,0.007844398060115054,3.872076839208603,0.002491470906534232,4,353.56667258074,20.03076171875
172032,-0.4699728237512078,0.11815287388265673,150.0,7,0,-0.00800741434795782,0.03748474444728345,3.7882068902254105,0.0025737606483744457,4,352.0783016747397,20.03076171875
173056,1.685009681516809,0.15600581573470756,150.0,7,3,-0.009199418942444026,0.02382169308839366,3.696245402097702,0.0009838015539571643,4,350.88328081294014,20.03076171875
174080,-0.3658728107262651,0.17076211300826952,150.0,6,1,-0.010485791135579348,0.015738254121970385,3.6864466965198517,0.001377507476718165,4,350.4695772818659,20.03076171875
175104,1.4603482880025138,0.22807234802781448,150.0,8,4,-0.009126978344283998,0.02115308423526585,3.6982159465551376,0.0014459360390901566,4,350.1509394448958,20.03076171875
176128,0.23822289789421014,0.2511326031279758,150.0,6,3,-0.008094813791103661,0.03500587830785662,3.751661494374275,0.0014865688572172076,4,349.22787112498537,20.03076171875
177152,1.3632818876165271,0.272563881221389,150.0,8,3,-0.009023985010571778,0.01732658874243498,3.8723413050174713,0.002461195341311395,4,348.5678527208364,20.03076171875
178176,0.33807822435934987,0.25157978356114435,150.0,6,1,-0.010347809351515025,0.019201359478756785,3.858701169490814,0.0019298659753985703,4,348.02837210722083,20.03076171875
179200,0.09306839368710068,0.26912701318384985,150.0,6,1,-0.01145345694385469,0.011846835259348154,3.9420992732048035,0.0025861303292913362,4,346.93183454516367,20.03076171875
180224,-0.09103147512585731,0.26404400051620686,150.0,8,1,-0.014620157424360514,0.0030770065350225195,3.9796868711709976,0.0035730029485421255,4,347.0245384492598,20.03076171875
181248,-0.4521594535437675,0.25002239635593676,150.0,6,0,-0.016722569707781076,0.011603453691350296,4.03751602768898,0.004034329496789724,4,347.03377242235507,20.03076171875
182272,-0.1147024713533237,0.258466358213621,150.0,8,1,-0.011145033873617649,0.008727609470952302,3.9615140110254288,0.002408874555840157,4,345.9438458216324,20.03076171875
183296,0.245981664792031,0.2744173826254472,150.0,6,1,-0.013294760836288333,0.0017646583874011412,3.9662339091300964,0.0023256824642885476,4,345.00534229317793,20.03076171875
184320,0.10103358517708452,0.2706932721065658,150.0,6,1,-0.01016207505017519,0.011302484927000478,4.033823728561401,0.0014495420036837459,4,343.5388789981479,20.03076171875
185344,1.6473083118788792,0.29699889453661027,150.0,8,2,-0.00947368424385786,0.039494296070188284,4.04078733921051,0.0016895220469450578,4,342.4567060669341,20.03076171875
186368,-0.13934273187091775,0.3444307405581602,150.0,6,2,-0.011398041329812258,0.0062128230929374695,4.03300154209137,0.0010274984233547002,4,341.66368853287344,20.03076171875
187392,1.2516469792408458,0.3517337047280529,150.0,8,2,-0.010921571287326515,0.01693260989850387,4.041896015405655,0.0013583634863607585,4,341.8974449636354,20.03076171875
188416,0.10981286010140827,0.3146757586572351,150.0,6,0,-0.014639613567851484,0.012656376435188577,4.066114902496338,0.0017496106156613678,4,342.29081172602554,20.03076171875
189440,0.02718232408436954,0.3023323936430155,150.0,8,1,-0.014438619487918913,0.0032263448811136186,4.02033394575119,0.002033562515862286,4,342.79639666452897,20.03076171875
190464,0.2829248133912923,0.26542846271539194,150.0,6,0,-0.01057667180430144,0.00797812883683946,4.05854606628418,0.0021551381214521825,4,343.10229489570634,20.03076171875
191488,-0.06690247504154936,0.24325532210417744,150.0,6,1,-0.01286957215052098,0.003422618203330785,4.0605815052986145,0.0017493757914053276,4,343.630024834255,20.03076171875
192512,-0.0384000981219418,0.22268259419841402,150.0,8,2,-0.009683032578323036,0.0575868661981076,4.07510969042778,0.0014457864162977785,4,343.9153232934388,20.03076171875
193536,1.2821462857523207,0.27867510246897964,150.0,6,5,-0.012412416050210595,0.04376503510866314,4.060611128807068,0.0016668511379975826,4,344.5053638991685,20.03076171875
194560,-0.19201958680635092,0.27432547121701445,150.0,8,2,-0.009320929762907326,0.029113083030097187,4.078231334686279,0.000794219464296475,4,345.0007783134258,20.03076171875
195584,0.10691931392067902,0.26680718894430605,150.0,6,0,-0.011812585988081992,0.004411532936501317,4.067087173461914,0.0010685585730243474,4,345.39590618117944,20.03076171875
196608,-0.13471222068433386,0.2564016802450698,150.0,6,1,-0.013882538885809481,0.025065207853913307,4.004415616393089,0.0024508912028977647,5,345.8919973661999,20.03076171875
